{
    "wp": [
        0.3340671355998308,
        0.3488322116525943
    ],
    "light": [
        60.887831206355614,
        68.49022119397762,
        71.51650961350049,
        67.86130140578493,
        85.54937010115994,
        97.93705512827361,
        100.41243385057209,
        99.86914827941041,
        102.69996662505832,
        98.04628327195061,
        100.65438886276617,
        100.67432796171518,
        99.9719466421643,
        104.19871652644,
        102.09506906947135,
        102.96457126787774,
        100.0,
        97.21906529786372,
        97.75449402998599,
        91.44188451725873,
        94.43554386475603,
        95.16057481493225,
        94.24422004874482,
        90.47377225697498,
        92.36203654533304,
        88.887540292191,
        90.35578502125072,
        93.99400474539858,
        90.0013169954781,
        79.7143993048871,
        82.88264403394683
    ],
    "base": [
        [
            0.036283034794430874,
            0.017150785900114107,
            0.007007343395416109,
            0.0014649165431095913,
            0.0,
            0.0,
            0.0,
            0.0,
            0.0,
            0.0,
            0.0,
            0.0,
            0.0,
            0.0,
            0.0023094033903194398,
            0.016229600590538608,
            0.026964353197968062,
            0.03886034631214945,
            0.07397431136680795,
            0.18952200993155738,
            0.37843652814445133,
            0.5494187000970606,
            0.6499652507901562,
            0.6986503257150305,
            0.7311538555278451,
            0.741272722001784,
            0.7366649337761616,
            0.7256005526572042,
            0.717074028448892,
            0.7127958000817961,
            0.7109757899246695
        ],
        [
            0.0636239138378042,
            0.07508680474313217,
            0.0849059619508294,
            0.09805553197352901,
            0.12064266672663798,
            0.15533450062171214,
            0.20139184292888163,
            0.2568124471761842,
            0.3307905300109753,
            0.4509197022908681,
            0.5865528591262847,
            0.6734471649313877,
            0.6707984585618111,
            0.6202202971895163,
            0.5482739418127981,
            0.45915898218542184,
            0.37218371038143305,
            0.30057583439020064,
            0.24292469877613176,
            0.19081457724237968,
            0.13876684743440634,
            0.09279106320165699,
            0.059454941477636046,
            0.045060822435284045,
            0.041044619702001045,
            0.02588491291497443,
            0.004053305828983283,
            0.0,
            0.0,
            0.0,
            0.0
        ],
        [
            0.45108472586155324,
            0.5395588979600178,
            0.5800232640220638,
            0.6014111265893692,
            0.6041962883921643,
            0.572789421044386,
            0.5098576600517642,
            0.42535234934027716,
            0.32141684361169504,
            0.20012035231792685,
            0.08463737979796254,
            0.0036534635491343287,
            0.0,
            0.0,
            0.0,
            0.0,
            0.0,
            0.0,
            0.011525272376066254,
            0.0250135161902903,
            0.016871839824754535,
            0.0,
            0.0,
            0.0,
            0.0,
            0.07210774975902523,
            0.18816114779559812,
            0.2962072902128533,
            0.38188162254673413,
            0.4514261318798379,
            0.5135657152040245
        ]
    ],
    "tri_to_v_mtx": [
        [
            0.05223994980418516,
            -0.023883225551431676,
            -0.008441605960506936
        ],
        [
            -0.01910496785635368,
            0.03698028099592867,
            0.00023136423533661555
        ],
        [
            0.007674085756658866,
            -0.015049087773483892,
            0.022180693341797345
        ]
    ]
}
