{
    "wp": [
        0.3340671355998308,
        0.3488322116525943
    ],
    "light": [
        60.887831206355614,
        68.49022119397762,
        71.51650961350049,
        67.86130140578493,
        85.54937010115994,
        97.93705512827361,
        100.41243385057209,
        99.86914827941041,
        102.69996662505832,
        98.04628327195061,
        100.65438886276617,
        100.67432796171518,
        99.9719466421643,
        104.19871652644,
        102.09506906947135,
        102.96457126787774,
        100.0,
        97.21906529786372,
        97.75449402998599,
        91.44188451725873,
        94.43554386475603,
        95.16057481493225,
        94.24422004874482,
        90.47377225697498,
        92.36203654533304,
        88.887540292191,
        90.35578502125072,
        93.99400474539858,
        90.0013169954781,
        79.7143993048871,
        82.88264403394683
    ],
    "base": [
        [
            0.037548687831446825,
            0.044558383347479774,
            0.04252104881554775,
            0.02983542369741969,
            0.014467124687184382,
            0.0010991069316202962,
            0.0,
            0.0,
            0.0,
            0.0,
            0.0,
            0.0,
            0.0,
            0.0,
            0.00998522954523311,
            0.033008791837924205,
            0.06362639416721388,
            0.11132400295072044,
            0.19434968658287688,
            0.3127629361960896,
            0.4392362820917017,
            0.5576223537982492,
            0.6600698265448979,
            0.7321025808961676,
            0.7795923715693711,
            0.807976347929012,
            0.8254742204825538,
            0.8320684497699744,
            0.8352248748950462,
            0.831791404422368,
            0.8204892683414372
        ],
        [
            0.0,
            0.0,
            0.0,
            0.006713498497042628,
            0.03326152748508964,
            0.0699305133866316,
            0.11892849747293763,
            0.18924585972439434,
            0.30250068816424164,
            0.47418654618819006,
            0.6246461990277881,
            0.7153008410074807,
            0.7260889860459097,
            0.6695519243121639,
            0.5768507148562707,
            0.4720407443319014,
            0.3774606564278782,
            0.3103790393547514,
            0.26413596099580106,
            0.22198362904123772,
            0.1768452210074209,
            0.12734654977279455,
            0.07775239592004939,
            0.026414837214940222,
            0.0,
            0.0,
            0.0,
            0.0,
            0.0,
            0.0,
            0.0
        ],
        [
            0.40847652010311264,
            0.46593407857731545,
            0.4880685661276593,
            0.4939205532193376,
            0.4845104814570423,
            0.4536142745491137,
            0.39320057962836663,
            0.32185393548663177,
            0.2465143249822603,
            0.15932227776019384,
            0.07402461326866874,
            0.006403371702084287,
            0.0,
            0.0,
            0.0,
            0.0,
            0.0,
            0.0,
            0.0,
            0.0,
            0.0,
            0.0,
            0.0,
            0.042709974669678824,
            0.07502073381886733,
            0.09357190139598706,
            0.12051647751336352,
            0.16449157637193604,
            0.2323540296405877,
            0.3353779221798291,
            0.4753810365945349
        ]
    ],
    "tri_to_v_mtx": [
        [
            0.04568500738318322,
            -0.021224251547804853,
            -0.007512008505193245
        ],
        [
            -0.01967829831418585,
            0.03546466555465793,
            0.0006309010295281143
        ],
        [
            0.005510748992445091,
            -0.011447595082905158,
            0.02794126201881293
        ]
    ]
}
