{
    "wp": [
        0.3340671355998308,
        0.3488322116525943
    ],
    "light": [
        60.887831206355614,
        68.49022119397762,
        71.51650961350049,
        67.86130140578493,
        85.54937010115994,
        97.93705512827361,
        100.41243385057209,
        99.86914827941041,
        102.69996662505832,
        98.04628327195061,
        100.65438886276617,
        100.67432796171518,
        99.9719466421643,
        104.19871652644,
        102.09506906947135,
        102.96457126787774,
        100.0,
        97.21906529786372,
        97.75449402998599,
        91.44188451725873,
        94.43554386475603,
        95.16057481493225,
        94.24422004874482,
        90.47377225697498,
        92.36203654533304,
        88.887540292191,
        90.35578502125072,
        93.99400474539858,
        90.0013169954781,
        79.7143993048871,
        82.88264403394683
    ],
    "base": [
        [
            0.03930564824682904,
            0.03865084327075367,
            0.03595260671342271,
            0.026968197911275787,
            0.01705654344327376,
            0.005905760376679805,
            0.0,
            0.0,
            0.0,
            0.0,
            0.0,
            0.0,
            0.0,
            0.0,
            0.0028268686937187463,
            0.01654176391228194,
            0.03804661844451012,
            0.06758427150493675,
            0.10431498973295607,
            0.1759439121706575,
            0.30727792442063956,
            0.4591852667738139,
            0.5810513018448848,
            0.6598753028765663,
            0.7163793141505663,
            0.7547854843675647,
            0.7844347539079486,
            0.8093401225852753,
            0.8330638443244556,
            0.8562249666795869,
            0.8768003837038735
        ],
        [
            0.03370261636319138,
            0.02971049840090298,
            0.025460878890886416,
            0.027517841952222382,
            0.0428996312669083,
            0.0794579000198526,
            0.14226891304388892,
            0.23418881409173214,
            0.3780456897576532,
            0.5728691751612299,
            0.7263289597237895,
            0.8053387087741626,
            0.8116553590491531,
            0.7726731601130042,
            0.7157674507510184,
            0.6437478028104683,
            0.5761413781071274,
            0.525195858485801,
            0.47882500922663607,
            0.4234389306847935,
            0.3403759262253578,
            0.24810558538378277,
            0.17664462894277572,
            0.13301561008871876,
            0.10531017473477487,
            0.05540254810147539,
            0.0,
            0.0,
            0.0,
            0.0,
            0.0
        ],
        [
            0.4524134978581879,
            0.6295457131719931,
            0.6982328151843685,
            0.7262524276865544,
            0.7358815487996059,
            0.7158153456870734,
            0.6510355453528883,
            0.5495625821170167,
            0.4111998570542868,
            0.24378968502029957,
            0.11020175490648995,
            0.023781649811893506,
            0.0,
            0.0,
            0.0,
            0.006847789792900334,
            0.007876157335156026,
            0.0,
            0.0,
            0.0,
            0.0,
            0.0,
            0.0,
            0.0,
            0.0,
            0.06988597803843406,
            0.17021739393804752,
            0.2194723642044386,
            0.24936401721489918,
            0.2699284129900488,
            0.28719697473709666
        ]
    ],
    "tri_to_v_mtx": [
        [
            0.06103284817388349,
            -0.03540705850456263,
            -0.008279393888363979
        ],
        [
            -0.014533144728722613,
            0.027732418151570418,
            0.00010481606038223478
        ],
        [
            0.0028755350271863754,
            -0.006832401044918296,
            0.018025692838397743
        ]
    ]
}
