{
    "couplers": [
        [
            0.0,
            0.0,
            0.0,
            0.0,
            0.0,
            0.0,
            0.0,
            0.0,
            0.0,
            0.0,
            0.0,
            0.0,
            0.0,
            0.0,
            0.0,
            0.0,
            0.0,
            0.0,
            0.0,
            0.0,
            0.0,
            0.0,
            0.0,
            0.0,
            0.0,
            0.0,
            0.0,
            0.0,
            0.0,
            0.0,
            0.0
        ],
        [
            0.0,
            0.0,
            0.0,
            0.0,
            0.0,
            0.0,
            0.0,
            0.0,
            0.0,
            0.0,
            0.0,
            0.0,
            0.0,
            0.0,
            0.0,
            0.0,
            0.0,
            0.0,
            0.0,
            0.0,
            0.0,
            0.0,
            0.0,
            0.0,
            0.0,
            0.0,
            0.0,
            0.0,
            0.0,
            0.0,
            0.0
        ],
        [
            0.0,
            0.0,
            0.0,
            0.0,
            0.0,
            0.0,
            0.0,
            0.0,
            0.0,
            0.0,
            0.0,
            0.0,
            0.0,
            0.0,
            0.0,
            0.0,
            0.0,
            0.0,
            0.0,
            0.0,
            0.0,
            0.0,
            0.0,
            0.0,
            0.0,
            0.0,
            0.0,
            0.0,
            0.0,
            0.0,
            0.0
        ]
    ],
    "dev_light": [
        60.88783264160156,
        68.49021911621094,
        71.51651000976563,
        67.8613052368164,
        85.54936981201172,
        97.93704986572266,
        100.41243743896484,
        99.86914825439453,
        102.69996643066406,
        98.04627990722656,
        100.65438079833984,
        100.67433166503906,
        99.9719467163086,
        104.19872283935547,
        102.0950698852539,
        102.9645767211914,
        100.0,
        97.21906280517578,
        97.7544937133789,
        91.44187927246094,
        94.43553924560547,
        95.16057586669922,
        94.24422454833984,
        90.47377014160156,
        92.3620376586914,
        88.88754272460938,
        90.35578155517578,
        93.99400329589844,
        90.00132751464844,
        79.71440124511719,
        82.88264465332031
    ],
    "film_dyes": [
        [
            0.6950514316558838,
            0.5541460514068604,
            0.42668938636779785,
            0.3215453326702118,
            0.24702750146389008,
            0.17791970074176788,
            0.1394687443971634,
            0.10908699780702591,
            0.08873061835765839,
            0.08215910941362381,
            0.09328482300043106,
            0.10768100619316101,
            0.11996819823980331,
            0.1579912304878235,
            0.23629914224147797,
            0.35088786482810974,
            0.4664241075515747,
            0.5957146883010864,
            0.7763547301292419,
            1.0276001691818237,
            1.343338131904602,
            1.6398199796676636,
            1.9347736835479736,
            2.2260594367980957,
            2.468135356903076,
            2.6750614643096924,
            2.8621201515197754,
            2.999051809310913,
            3.0656840801239014,
            3.0595710277557373,
            2.9736826419830322
        ],
        [
            0.005518065299838781,
            -0.00914514996111393,
            -0.014963402412831783,
            0.01112599391490221,
            -0.031012825667858124,
            -0.020477643236517906,
            0.08185321092605591,
            0.22026371955871582,
            0.44454264640808105,
            0.7244611382484436,
            1.060975193977356,
            1.350836157798767,
            1.6395498514175415,
            1.8613431453704834,
            1.9234836101531982,
            1.810866117477417,
            1.527888298034668,
            1.1544724702835083,
            0.8424322605133057,
            0.5818250775337219,
            0.4231281578540802,
            0.3162466883659363,
            0.25429752469062805,
            0.20382042229175568,
            0.1779318004846573,
            0.16642148792743683,
            0.1576453447341919,
            0.15051355957984924,
            0.14410829544067383,
            0.13751186430454254,
            0.12984469532966614
        ],
        [
            0.9603280425071716,
            1.2086243629455566,
            1.5287959575653076,
            1.7358338832855225,
            1.8605421781539917,
            1.8762240409851074,
            1.7584233283996582,
            1.5017261505126953,
            1.204143762588501,
            0.8834121823310852,
            0.619247317314148,
            0.4099689722061157,
            0.277419775724411,
            0.19677017629146576,
            0.14587874710559845,
            0.10605799406766891,
            0.08066830039024353,
            0.05776156485080719,
            0.04194900766015053,
            0.02738727256655693,
            0.015553057193756104,
            0.00976569950580597,
            0.005716416053473949,
            0.002578174462541938,
            0.0002608044887892902,
            -0.0014832437736913562,
            -0.0030934361275285482,
            -0.004260241519659758,
            -0.004669090732932091,
            -0.0039186011999845505,
            -0.001769251306541264
        ]
    ],
    "film_max_qs": [
        2.1202454566955566,
        2.063741445541382,
        2.0405635833740234
    ],