{
    "couplers": [
        [
            0.0,
            0.0,
            0.0,
            0.0,
            0.0,
            0.0,
            0.0,
            0.0,
            0.0,
            0.0,
            0.0,
            0.0,
            0.0,
            0.0,
            0.0,
            0.0,
            0.0,
            0.0,
            0.0,
            0.0,
            0.0,
            0.0,
            0.0,
            0.0,
            0.0,
            0.0,
            0.0,
            0.0,
            0.0,
            0.0,
            0.0
        ],
        [
            0.0,
            0.0,
            0.0,
            0.0,
            0.0,
            0.0,
            0.0,
            0.0,
            0.0,
            0.0,
            0.0,
            0.0,
            0.0,
            0.0,
            0.0,
            0.0,
            0.0,
            0.0,
            0.0,
            0.0,
            0.0,
            0.0,
            0.0,
            0.0,
            0.0,
            0.0,
            0.0,
            0.0,
            0.0,
            0.0,
            0.0
        ],
        [
            0.0,
            0.0,
            0.0,
            0.0,
            0.0,
            0.0,
            0.0,
            0.0,
            0.0,
            0.0,
            0.0,
            0.0,
            0.0,
            0.0,
            0.0,
            0.0,
            0.0,
            0.0,
            0.0,
            0.0,
            0.0,
            0.0,
            0.0,
            0.0,
            0.0,
            0.0,
            0.0,
            0.0,
            0.0,
            0.0,
            0.0
        ]
    ],
    "dev_light": [
        60.88783264160156,
        68.49021911621094,
        71.51651000976563,
        67.8613052368164,
        85.54936981201172,
        97.93704986572266,
        100.41243743896484,
        99.86914825439453,
        102.69996643066406,
        98.04627990722656,
        100.65438079833984,
        100.67433166503906,
        99.9719467163086,
        104.19872283935547,
        102.0950698852539,
        102.9645767211914,
        100.0,
        97.21906280517578,
        97.7544937133789,
        91.44187927246094,
        94.43553924560547,
        95.16057586669922,
        94.24422454833984,
        90.47377014160156,
        92.3620376586914,
        88.88754272460938,
        90.35578155517578,
        93.99400329589844,
        90.00132751464844,
        79.71440124511719,
        82.88264465332031
    ],
    "film_dyes": [
        [
            0.6950728893280029,
            0.5541631579399109,
            0.4267025589942932,
            0.3215552270412445,
            0.24703511595726013,
            0.1779251992702484,
            0.1394730657339096,
            0.10909036546945572,
            0.08873336017131805,
            0.08216164261102676,
            0.09328769147396088,
            0.10768432170152664,
            0.11997190117835999,
            0.15799611806869507,
            0.23630644381046295,
            0.3508986830711365,
            0.46643850207328796,
            0.595733106136322,
            0.7763786911964417,
            1.0276318788528442,
            1.3433794975280762,
            1.639870524406433,
            1.9348334074020386,
            2.226128101348877,
            2.4682116508483887,
            2.6751439571380615,
            2.862208604812622,
            2.9991445541381836,
            3.0657784938812256,
            3.0596654415130615,
            2.9737744331359863
        ],
        [
            0.005517894402146339,
            -0.009144867770373821,
            -0.0149629395455122,
            0.011125649325549603,
            -0.03101186454296112,
            -0.020477009937167168,
            0.08185067772865295,
            0.22025689482688904,
            0.44452887773513794,
            0.7244387269020081,
            1.06094229221344,
            1.3507941961288452,
            1.6394990682601929,
            1.8612855672836304,
            1.9234240055084229,
            1.810809850692749,
            1.5278409719467163,
            1.154436707496643,
            0.8424062132835388,
            0.5818071365356445,
            0.4231150448322296,
            0.3162369132041931,
            0.2542896568775177,
            0.20381411910057068,
            0.17792628705501556,
            0.16641633212566376,
            0.1576404720544815,
            0.15050889551639557,
            0.14410383999347687,
            0.1375076025724411,
            0.129840686917305
        ],
        [
            0.9603328704833984,
            1.2086304426193237,
            1.5288035869598389,
            1.7358425855636597,
            1.8605514764785767,
            1.876233458518982,
            1.758432149887085,
            1.5017335414886475,
            1.2041497230529785,
            0.8834165334701538,
            0.6192503571510315,
            0.4099710285663605,
            0.27742117643356323,
            0.19677115976810455,
            0.14587947726249695,
            0.1060585305094719,
            0.08066870272159576,
            0.05776185169816017,
            0.04194921627640724,
            0.027387408539652824,
            0.015553134493529797,
            0.00976574793457985,
            0.005716444458812475,
            0.0025781875010579824,
            0.0002608057693578303,
            -0.001483251224271953,
            -0.0030934514943510294,
            -0.004260262940078974,
            -0.0046691144816577435,
            -0.003918620757758617,
            -0.001769260037690401
        ]
    ],
    "film_max_qs": [
        2.1202330589294434,
        2.063804864883423,
        2.0405328273773193
    ],