{
    "couplers": [
        [
            0.0,
            0.0,
            0.0,
            0.0,
            0.0,
            0.0,
            0.0,
            0.0,
            0.0,
            0.0,
            0.0,
            0.0,
            0.0,
            0.0,
            0.0,
            0.0,
            0.0,
            0.0,
            0.0,
            0.0,
            0.0,
            0.0,
            0.0,
            0.0,
            0.0,
            0.0,
            0.0,
            0.0,
            0.0,
            0.0,
            0.0
        ],
        [
            0.0,
            0.0,
            0.0,
            0.0,
            0.0,
            0.0,
            0.0,
            0.0,
            0.0,
            0.0,
            0.0,
            0.0,
            0.0,
            0.0,
            0.0,
            0.0,
            0.0,
            0.0,
            0.0,
            0.0,
            0.0,
            0.0,
            0.0,
            0.0,
            0.0,
            0.0,
            0.0,
            0.0,
            0.0,
            0.0,
            0.0
        ],
        [
            0.0,
            0.0,
            0.0,
            0.0,
            0.0,
            0.0,
            0.0,
            0.0,
            0.0,
            0.0,
            0.0,
            0.0,
            0.0,
            0.0,
            0.0,
            0.0,
            0.0,
            0.0,
            0.0,
            0.0,
            0.0,
            0.0,
            0.0,
            0.0,
            0.0,
            0.0,
            0.0,
            0.0,
            0.0,
            0.0,
            0.0
        ]
    ],
    "dev_light": [
        60.88783264160156,
        68.49021911621094,
        71.51651000976563,
        67.8613052368164,
        85.54936981201172,
        97.93704986572266,
        100.41243743896484,
        99.86914825439453,
        102.69996643066406,
        98.04627990722656,
        100.65438079833984,
        100.67433166503906,
        99.9719467163086,
        104.19872283935547,
        102.0950698852539,
        102.9645767211914,
        100.0,
        97.21906280517578,
        97.7544937133789,
        91.44187927246094,
        94.43553924560547,
        95.16057586669922,
        94.24422454833984,
        90.47377014160156,
        92.3620376586914,
        88.88754272460938,
        90.35578155517578,
        93.99400329589844,
        90.00132751464844,
        79.71440124511719,
        82.88264465332031
    ],
    "film_dyes": [
        [
            0.6950746774673462,
            0.5541646480560303,
            0.42670369148254395,
            0.32155609130859375,
            0.24703577160835266,
            0.17792567610740662,
            0.13947342336177826,
            0.109090656042099,
            0.08873358368873596,
            0.08216185867786407,
            0.09328794479370117,
            0.10768460482358932,
            0.11997221410274506,
            0.1579965204000473,
            0.2363070547580719,
            0.3508996069431305,
            0.46643975377082825,
            0.5957345962524414,
            0.776380717754364,
            1.0276345014572144,
            1.3433830738067627,
            1.639874815940857,
            1.9348385334014893,
            2.2261338233947754,
            2.4682180881500244,
            2.6751511096954346,
            2.862215995788574,
            2.999152421951294,
            3.065786600112915,
            3.059673547744751,
            2.973782539367676
        ],
        [
            0.005517862271517515,
            -0.009144813753664494,
            -0.014962852001190186,
            0.01112558413296938,
            -0.031011683866381645,
            -0.020476888865232468,
            0.08185019344091415,
            0.22025561332702637,
            0.4445262849330902,
            0.7244344353675842,
            1.0609360933303833,
            1.3507864475250244,
            1.6394895315170288,
            1.8612747192382813,
            1.923412799835205,
            1.8107993602752686,
            1.52783203125,
            1.1544300317764282,
            0.8424012660980225,
            0.5818036794662476,
            0.42311257123947144,
            0.3162350654602051,
            0.2542881667613983,
            0.20381292700767517,
            0.177925243973732,
            0.16641534864902496,
            0.1576395481824875,
            0.15050800144672394,
            0.14410299062728882,
            0.13750679790973663,
            0.1298399120569229
        ],
        [
            0.9603379368782043,
            1.2086368799209595,
            1.5288116931915283,
            1.7358518838882446,
            1.8605612516403198,
            1.8762433528900146,
            1.7584415674209595,
            1.5017415285110474,
            1.2041561603546143,
            0.8834212422370911,
            0.6192536950111389,
            0.4099732041358948,
            0.2774226665496826,
            0.19677220284938812,
            0.14588025212287903,
            0.10605908930301666,
            0.08066913485527039,
            0.057762160897254944,
            0.04194944351911545,
            0.027387553825974464,
            0.015553217381238937,
            0.009765801019966602,
            0.00571647472679615,
            0.002578201238065958,
            0.0002608071663416922,
            -0.0014832590240985155,
            -0.003093468025326729,
            -0.004260286223143339,
            -0.004669139161705971,
            -0.003918641712516546,
            -0.0017692695837467909
        ]
    ],
    "film_max_qs": [
        2.120183229446411,
        2.063790798187256,
        2.040640354156494
    ],