{
    "couplers": [
        [
            0.0,
            0.0,
            0.0,
            0.0,
            0.0,
            0.0,
            0.0,
            0.0,
            0.0,
            0.0,
            0.0,
            0.0,
            0.0,
            0.0,
            0.0,
            0.0,
            0.0,
            0.0,
            0.0,
            0.0,
            0.0,
            0.0,
            0.0,
            0.0,
            0.0,
            0.0,
            0.0,
            0.0,
            0.0,
            0.0,
            0.0
        ],
        [
            0.0,
            0.0,
            0.0,
            0.0,
            0.0,
            0.0,
            0.0,
            0.0,
            0.0,
            0.0,
            0.0,
            0.0,
            0.0,
            0.0,
            0.0,
            0.0,
            0.0,
            0.0,
            0.0,
            0.0,
            0.0,
            0.0,
            0.0,
            0.0,
            0.0,
            0.0,
            0.0,
            0.0,
            0.0,
            0.0,
            0.0
        ],
        [
            0.0,
            0.0,
            0.0,
            0.0,
            0.0,
            0.0,
            0.0,
            0.0,
            0.0,
            0.0,
            0.0,
            0.0,
            0.0,
            0.0,
            0.0,
            0.0,
            0.0,
            0.0,
            0.0,
            0.0,
            0.0,
            0.0,
            0.0,
            0.0,
            0.0,
            0.0,
            0.0,
            0.0,
            0.0,
            0.0,
            0.0
        ]
    ],
    "dev_light": [
        60.88783264160156,
        68.49021911621094,
        71.51651000976563,
        67.8613052368164,
        85.54936981201172,
        97.93704986572266,
        100.41243743896484,
        99.86914825439453,
        102.69996643066406,
        98.04627990722656,
        100.65438079833984,
        100.67433166503906,
        99.9719467163086,
        104.19872283935547,
        102.0950698852539,
        102.9645767211914,
        100.0,
        97.21906280517578,
        97.7544937133789,
        91.44187927246094,
        94.43553924560547,
        95.16057586669922,
        94.24422454833984,
        90.47377014160156,
        92.3620376586914,
        88.88754272460938,
        90.35578155517578,
        93.99400329589844,
        90.00132751464844,
        79.71440124511719,
        82.88264465332031
    ],
    "film_dyes": [
        [
            0.3278335630893707,
            0.26137301325798035,
            0.20125576853752136,
            0.1516626626253128,
            0.11651498824357986,
            0.08391904830932617,
            0.06578295677900314,
            0.05145285278558731,
            0.04185139760375023,
            0.03875182941555977,
            0.04399947077035904,
            0.050789691507816315,
            0.0565851666033268,
            0.07451942563056946,
            0.11145476251840591,
            0.16550259292125702,
            0.2199973613023758,
            0.28097960352897644,
            0.36618170142173767,
            0.4846861958503723,
            0.6336097121238708,
            0.7734507322311401,
            0.9125710129737854,
            1.0499612092971802,
            1.1641407012939453,
            1.261741042137146,
            1.3499706983566284,
            1.4145569801330566,
            1.4459853172302246,
            1.4431020021438599,
            1.402591347694397
        ],
        [
            0.002673660172149539,
            -0.004431086592376232,
            -0.0072501958347857,
            0.005390862002968788,
            -0.015026599168777466,
            -0.009922003373503685,
            0.039660219103097916,
            0.10672406107187271,
            0.21539361774921417,
            0.3510220944881439,
            0.5140727758407593,
            0.6545186638832092,
            0.7944087386131287,
            0.9018739461898804,
            0.9319827556610107,
            0.8774163126945496,
            0.7403055429458618,
            0.5593749284744263,
            0.4081825017929077,
            0.28191086649894714,
            0.20501767098903656,
            0.15323054790496826,
            0.12321441620588303,
            0.0987568125128746,
            0.08621303737163544,
            0.08063595741987228,
            0.07638367265462875,
            0.07292810827493668,
            0.06982459127902985,
            0.06662842631340027,
            0.06291346251964569
        ],
        [
            0.4706265330314636,
            0.592308759689331,
            0.7492147088050842,
            0.8506775498390198,
            0.911793053150177,
            0.9194783568382263,
            0.8617479205131531,
            0.7359486818313599,
            0.5901129245758057,
            0.43293246626853943,
            0.3034735918045044,
            0.20091289281845093,
            0.13595470786094666,
            0.09643086045980453,
            0.0714905858039856,
            0.05197568237781525,
            0.039532992988824844,
            0.028307123109698296,
            0.020557887852191925,
            0.013421639800071716,
            0.007622063625603914,
            0.004785861819982529,
            0.0028014355339109898,
            0.0012634822633117437,
            0.0001278120616916567,
            -0.0007268910412676632,
            -0.0015159955946728587,
            -0.0020878103096038103,
            -0.002288174582645297,
            -0.001920382957905531,
            -0.0008670543320477009
        ]
    ],
    "film_max_qs": [
        0.9999858736991882,
        1.0000087022781372,
        1.000024676322937
    ],