{
    "couplers": [
        [
            0.0,
            0.0,
            0.0,
            0.0,
            0.0,
            0.0,
            0.0,
            0.0,
            0.0,
            0.0,
            0.0,
            0.0,
            0.0,
            0.0,
            0.0,
            0.0,
            0.0,
            0.0,
            0.0,
            0.0,
            0.0,
            0.0,
            0.0,
            0.0,
            0.0,
            0.0,
            0.0,
            0.0,
            0.0,
            0.0,
            0.0
        ],
        [
            0.0,
            0.0,
            0.0,
            0.0,
            0.0,
            0.0,
            0.0,
            0.0,
            0.0,
            0.0,
            0.0,
            0.0,
            0.0,
            0.0,
            0.0,
            0.0,
            0.0,
            0.0,
            0.0,
            0.0,
            0.0,
            0.0,
            0.0,
            0.0,
            0.0,
            0.0,
            0.0,
            0.0,
            0.0,
            0.0,
            0.0
        ],
        [
            0.0,
            0.0,
            0.0,
            0.0,
            0.0,
            0.0,
            0.0,
            0.0,
            0.0,
            0.0,
            0.0,
            0.0,
            0.0,
            0.0,
            0.0,
            0.0,
            0.0,
            0.0,
            0.0,
            0.0,
            0.0,
            0.0,
            0.0,
            0.0,
            0.0,
            0.0,
            0.0,
            0.0,
            0.0,
            0.0,
            0.0
        ]
    ],
    "dev_light": [
        60.88783264160156,
        68.49021911621094,
        71.51651000976563,
        67.8613052368164,
        85.54936981201172,
        97.93704986572266,
        100.41243743896484,
        99.86914825439453,
        102.69996643066406,
        98.04627990722656,
        100.65438079833984,
        100.67433166503906,
        99.9719467163086,
        104.19872283935547,
        102.0950698852539,
        102.9645767211914,
        100.0,
        97.21906280517578,
        97.7544937133789,
        91.44187927246094,
        94.43553924560547,
        95.16057586669922,
        94.24422454833984,
        90.47377014160156,
        92.3620376586914,
        88.88754272460938,
        90.35578155517578,
        93.99400329589844,
        90.00132751464844,
        79.71440124511719,
        82.88264465332031
    ],
    "film_dyes": [
        [
            0.32782602310180664,
            0.26136699318885803,
            0.20125114917755127,
            0.15165917575359344,
            0.11651230603456497,
            0.08391711860895157,
            0.06578145176172256,
            0.0514516718685627,
            0.041850436478853226,
            0.03875093534588814,
            0.043998461216688156,
            0.0507885217666626,
            0.056583866477012634,
            0.07451771199703217,
            0.11145219951868057,
            0.1654987931251526,
            0.21999230980873108,
            0.2809731364250183,
            0.36617329716682434,
            0.48467501997947693,
            0.6335951685905457,
            0.7734329104423523,
            0.9125499725341797,
            1.0499368906021118,
            1.1641138792037964,
            1.2617120742797852,
            1.3499395847320557,
            1.4145245552062988,
            1.44595205783844,
            1.4430688619613647,
            1.4025590419769287
        ],
        [
            0.0026736895088106394,
            -0.004431135021150112,
            -0.0072502754628658295,
            0.005390921141952276,
            -0.015026764944195747,
            -0.009922112338244915,
            0.039660654962062836,
            0.10672523081302643,
            0.2153959721326828,
            0.35102593898773193,
            0.5140784382820129,
            0.654525876045227,
            0.7944175004959106,
            0.9018838405609131,
            0.9319930076599121,
            0.8774259686470032,
            0.7403136491775513,
            0.5593810081481934,
            0.40818697214126587,
            0.28191399574279785,
            0.20501992106437683,
            0.15323224663734436,
            0.12321577221155167,
            0.09875790029764175,
            0.08621397614479065,
            0.08063684403896332,
            0.0763845145702362,
            0.07292892038822174,
            0.06982535868883133,
            0.06662915647029877,
            0.0629141554236412
        ],
        [
            0.470613956451416,
            0.5922929644584656,
            0.7491947412490845,
            0.8506548404693604,
            0.9117687940597534,
            0.9194537997245789,
            0.8617249131202698,
            0.735929012298584,
            0.590097188949585,
            0.4329209327697754,
            0.30346548557281494,
            0.20090752840042114,
            0.13595108687877655,
            0.0964282900094986,
            0.07148867100477219,
            0.05197429656982422,
            0.03953193873167038,
            0.028306368738412857,
            0.020557338371872902,
            0.01342128124088049,
            0.007621860131621361,
            0.004785733763128519,
            0.002801360795274377,
            0.001263448502868414,
            0.00012780865654349327,
            -0.0007268716581165791,
            -0.0015159551985561848,
            -0.002087754663079977,
            -0.002288113348186016,
            -0.001920331735163927,
            -0.0008670312236063182
        ]
    ],
    "film_max_qs": [
        1.000003457069397,
        0.9999757409095764,
        1.0000076293945313
    ],