{
    "couplers": [
        [
            0.0,
            0.0,
            0.0,
            0.0,
            0.0,
            0.0,
            0.0,
            0.0,
            0.0,
            0.0,
            0.0,
            0.0,
            0.0,
            0.0,
            0.0,
            0.0,
            0.0,
            0.0,
            0.0,
            0.0,
            0.0,
            0.0,
            0.0,
            0.0,
            0.0,
            0.0,
            0.0,
            0.0,
            0.0,
            0.0,
            0.0
        ],
        [
            0.0,
            0.0,
            0.0,
            0.0,
            0.0,
            0.0,
            0.0,
            0.0,
            0.0,
            0.0,
            0.0,
            0.0,
            0.0,
            0.0,
            0.0,
            0.0,
            0.0,
            0.0,
            0.0,
            0.0,
            0.0,
            0.0,
            0.0,
            0.0,
            0.0,
            0.0,
            0.0,
            0.0,
            0.0,
            0.0,
            0.0
        ],
        [
            0.0,
            0.0,
            0.0,
            0.0,
            0.0,
            0.0,
            0.0,
            0.0,
            0.0,
            0.0,
            0.0,
            0.0,
            0.0,
            0.0,
            0.0,
            0.0,
            0.0,
            0.0,
            0.0,
            0.0,
            0.0,
            0.0,
            0.0,
            0.0,
            0.0,
            0.0,
            0.0,
            0.0,
            0.0,
            0.0,
            0.0
        ]
    ],
    "dev_light": [
        60.88783264160156,
        68.49021911621094,
        71.51651000976563,
        67.8613052368164,
        85.54936981201172,
        97.93704986572266,
        100.41243743896484,
        99.86914825439453,
        102.69996643066406,
        98.04627990722656,
        100.65438079833984,
        100.67433166503906,
        99.9719467163086,
        104.19872283935547,
        102.0950698852539,
        102.9645767211914,
        100.0,
        97.21906280517578,
        97.7544937133789,
        91.44187927246094,
        94.43553924560547,
        95.16057586669922,
        94.24422454833984,
        90.47377014160156,
        92.3620376586914,
        88.88754272460938,
        90.35578155517578,
        93.99400329589844,
        90.00132751464844,
        79.71440124511719,
        82.88264465332031
    ],
    "film_dyes": [
        [
            0.32782623171806335,
            0.26136717200279236,
            0.20125128328800201,
            0.1516592800617218,
            0.11651238799095154,
            0.08391717821359634,
            0.06578148901462555,
            0.051451701670885086,
            0.041850462555885315,
            0.038750965148210526,
            0.043998491019010544,
            0.05078855901956558,
            0.05658390745520592,
            0.07451775670051575,
            0.11145227402448654,
            0.16549889743328094,
            0.21999245882034302,
            0.28097331523895264,
            0.36617356538772583,
            0.4846753478050232,
            0.6335955858230591,
            0.7734334468841553,
            0.9125506281852722,
            1.0499377250671387,
            1.1641147136688232,
            1.261712908744812,
            1.349940538406372,
            1.4145255088806152,
            1.4459530115127563,
            1.4430698156356812,
            1.4025598764419556
        ],
        [
            0.0026736732106655836,
            -0.004431108012795448,
            -0.007250230759382248,
            0.005390888080000877,
            -0.015026671811938286,
            -0.00992205087095499,
            0.03966040909290314,
            0.1067245751619339,
            0.21539466083049774,
            0.35102379322052,
            0.5140752792358398,
            0.6545218229293823,
            0.7944125533103943,
            0.901878297328949,
            0.9319872260093689,
            0.8774205446243286,
            0.7403091192245483,
            0.5593776106834412,
            0.4081844389438629,
            0.281912237405777,
            0.20501865446567535,
            0.15323129296302795,
            0.12321501225233078,
            0.0987572968006134,
            0.08621345460414886,
            0.08063634485006332,
            0.076384037733078,
            0.07292846590280533,
            0.06982492655515671,
            0.06662874668836594,
            0.06291376799345016
        ],
        [
            0.47061678767204285,
            0.5922964811325073,
            0.7491992115974426,
            0.850659966468811,
            0.9117742776870728,
            0.9194592833518982,
            0.8617300987243652,
            0.7359334230422974,
            0.5901007056236267,
            0.4329235255718231,
            0.3034673035144806,
            0.20090872049331665,
            0.13595189154148102,
            0.09642887115478516,
            0.07148910313844681,
            0.05197460949420929,
            0.03953217715024948,
            0.028306538239121437,
            0.02055746130645275,
            0.013421361334621906,
            0.007621905766427517,
            0.004785762634128332,
            0.00280137755908072,
            0.0012634560698643327,
            0.00012780941324308515,
            -0.0007268760236911476,
            -0.0015159642789512873,
            -0.0020877672359347343,
            -0.0022881270851939917,
            -0.001920343260280788,
            -0.0008670364040881395
        ]
    ],
    "film_max_qs": [
        1.0000089406967163,
        0.9999966025352478,
        0.9999893307685852
    ],